{
  "epochs": [
    1,
    2,
    3,
    4,
    5,
    6,
    7,
    8,
    9,
    10,
    11,
    12,
    13,
    14,
    15,
    16,
    17,
    18,
    19,
    20,
    21,
    22,
    23,
    24,
    25,
    26,
    27,
    28,
    29,
    30,
    31,
    32,
    33,
    34,
    35,
    36,
    37,
    38,
    39,
    40,
    41,
    42,
    43,
    44,
    45,
    46,
    47,
    48,
    49,
    50,
    51,
    52,
    53,
    54,
    55,
    56,
    57,
    58,
    59,
    60,
    61,
    62,
    63,
    64,
    65,
    66,
    67,
    68,
    69,
    70,
    71,
    72,
    73,
    74,
    75,
    76,
    77,
    78,
    79,
    80,
    81,
    82,
    83,
    84,
    85,
    86,
    87,
    88,
    89,
    90,
    91,
    92,
    93,
    94,
    95,
    96,
    97,
    98,
    99,
    100
  ],
  "train_loss": [
    2.303805112838745,
    0.6848945021629333,
    0.2124335765838623,
    0.10772669315338135,
    0.06944684684276581,
    0.05685756728053093,
    0.018453311175107956,
    0.0310483630746603,
    0.015183156356215477,
    0.021178102120757103,
    0.014527139253914356,
    0.01589226722717285,
    0.012431105598807335,
    0.01236037164926529,
    0.012262148782610893,
    0.011158284731209278,
    0.010771161876618862,
    0.010229207575321198,
    0.010315321385860443,
    0.00937056913971901,
    0.008900178596377373,
    0.008536402136087418,
    0.008273312821984291,
    0.007409923709928989,
    0.006834306754171848,
    0.006574064493179321,
    0.006084532476961613,
    0.005770140327513218,
    0.005515135359019041,
    0.0049374341033399105,
    0.0050062378868460655,
    0.004614151082932949,
    0.003723716828972101,
    0.0037536018062382936,
    0.003007680643349886,
    0.0028520282357931137,
    0.0025463562924414873,
    0.0030828542076051235,
    0.0026391951832920313,
    0.00206564599648118,
    0.0018294677138328552,
    0.0013489886187016964,
    0.0014656384009867907,
    0.0015514455735683441,
    0.0008064841968007386,
    0.0008757386240176857,
    0.0007324516773223877,
    0.0006658750935457647,
    0.0005364419776014984,
    0.0003758968086913228,
    0.000312206509988755,
    0.00026456505293026567,
    0.00026475387858226895,
    0.00019024548237212002,
    0.0001688564952928573,
    0.00015782004629727453,
    0.00010918748012045398,
    9.386871533934027e-05,
    7.349179213633761e-05,
    6.829004996689036e-05,
    6.086692519602366e-05,
    5.282104393700138e-05,
    4.982637983630411e-05,
    4.067703412147239e-05,
    3.911365638487041e-05,
    4.146365245105699e-05,
    4.655456359614618e-05,
    5.021626566303894e-05,
    4.634605647879653e-05,
    3.4856242564274e-05,
    2.14155425055651e-05,
    2.3975473595783114e-05,
    2.0208181013003923e-05,
    2.108074477291666e-05,
    2.0051083993166685e-05,
    1.7935095456778072e-05,
    1.636174783925526e-05,
    1.7725058569340035e-05,
    1.903006705106236e-05,
    1.7422775272279978e-05,
    1.5111395441635977e-05,
    1.4573427506547887e-05,
    1.5048315617605112e-05,
    1.306701778958086e-05,
    1.3671529814018868e-05,
    1.3093689631205052e-05,
    1.5914420146145858e-05,
    1.8575790818431415e-05,
    2.0597162802005187e-05,
    1.4309574908111244e-05,
    1.7183965610456653e-05,
    1.5582616470055655e-05,
    1.0628753443597816e-05,
    1.031488773151068e-05,
    1.0367552022216842e-05,
    1.1520774933160283e-05,
    1.643342875468079e-05,
    1.3095675967633724e-05,
    1.0093413948197849e-05,
    8.891727702575736e-06
  ],
  "train_mae": [
    1.4936935901641846,
    0.7462303638458252,
    0.41232162714004517,
    0.25815609097480774,
    0.2267499417066574,
    0.19644871354103088,
    0.10884986817836761,
    0.14547938108444214,
    0.10808522999286652,
    0.12309636920690536,
    0.1010274663567543,
    0.10661439597606659,
    0.09311467409133911,
    0.09600183367729187,
    0.09264708310365677,
    0.08970540761947632,
    0.08924376964569092,
    0.08685264736413956,
    0.08608902990818024,
    0.08184979110956192,
    0.08084267377853394,
    0.07869143784046173,
    0.07822169363498688,
    0.07444369792938232,
    0.07002584636211395,
    0.06899430602788925,
    0.06620538234710693,
    0.06544160097837448,
    0.0624987967312336,
    0.0596405453979969,
    0.06141168996691704,
    0.058476198464632034,
    0.052135057747364044,
    0.05121605470776558,
    0.04658181965351105,
    0.04591700807213783,
    0.04292476177215576,
    0.047168247401714325,
    0.043891046196222305,
    0.03895031660795212,
    0.03511174023151398,
    0.031222203746438026,
    0.03271537274122238,
    0.03417332470417023,
    0.024186715483665466,
    0.02428414858877659,
    0.022572701796889305,
    0.02212011255323887,
    0.01939045451581478,
    0.015532949939370155,
    0.014331012964248657,
    0.013068243861198425,
    0.012936810031533241,
    0.011091545224189758,
    0.010741129517555237,
    0.009629118256270885,
    0.008236536756157875,
    0.007606011815369129,
    0.006691151764243841,
    0.006612250115722418,
    0.006314688827842474,
    0.00573007483035326,
    0.0059491368010640144,
    0.0051940204575657845,
    0.005227980203926563,
    0.005105295684188604,
    0.00547254690900445,
    0.005902075674384832,
    0.005389573983848095,
    0.004980999045073986,
    0.003812661860138178,
    0.0037886262871325016,
    0.0035703510511666536,
    0.0036273181904107332,
    0.0035061477683484554,
    0.003367465687915683,
    0.0031774998642504215,
    0.0035232931841164827,
    0.003371202852576971,
    0.003370335791260004,
    0.003085225820541382,
    0.0029418976046144962,
    0.0031459748279303312,
    0.002862912369892001,
    0.0031347989570349455,
    0.0028568506240844727,
    0.003284370992332697,
    0.003602063748985529,
    0.003677231026813388,
    0.0029997737146914005,
    0.0034416168928146362,
    0.0033745199907571077,
    0.0023986429441720247,
    0.00271225580945611,
    0.002496618079021573,
    0.0029640316497534513,
    0.0032894848845899105,
    0.003265747334808111,
    0.002319031860679388,
    0.0026123016141355038
  ],